id,name,parent
1,Node1,0
2,Node2,0
3,Node3,0
4,Node4,0
5,Node5,0
6,Node6,0
7,Node7,0
8,Node8,0
9,Node9,0
10,Node10,0
11,Node11,0
12,Node12,0
13,Node13,0
14,Node14,0
15,Node15,0
16,Node16,1
17,Node17,1
18,Node18,1
19,Node19,2
20,Node20,2
21,Node21,2
22,Node22,3
23,Node23,3
24,Node24,3
25,Node25,4
26,Node26,4
27,Node27,4
28,Node28,5
29,Node29,5
30,Node30,5
31,Node31,6
32,Node32,6
33,Node33,6
34,Node34,7
35,Node35,7
36,Node36,7
37,Node37,8
38,Node38,8
39,Node39,8
40,Node40,9
41,Node41,9
42,Node42,9
43,Node43,10
44,Node44,10
45,Node45,10
46,Node46,11
47,Node47,11
48,Node48,11
49,Node49,12
50,Node50,12
51,Node51,12
52,Node52,13
53,Node53,13
54,Node54,13
55,Node55,14
56,Node56,14
57,Node57,14
58,Node58,15
59,Node59,15
60,Node60,15
61,Node61,16
62,Node62,16
63,Node63,16
64,Node64,17
65,Node65,17
66,Node66,17
67,Node67,18
68,Node68,18
69,Node69,18
70,Node70,19
71,Node71,19
72,Node72,19
73,Node73,20
74,Node74,20
75,Node75,20
76,Node76,21
77,Node77,21
78,Node78,21
79,Node79,22
80,Node80,22
81,Node81,22
82,Node82,23
83,Node83,23
84,Node84,23
85,Node85,24
86,Node86,24
87,Node87,24
88,Node88,25
89,Node89,25
90,Node90,25
91,Node91,26
92,Node92,26
93,Node93,26
94,Node94,27
95,Node95,27
96,Node96,27
97,Node97,28
98,Node98,28
99,Node99,28
100,Node100,29
101,Node101,29
102,Node102,29
103,Node103,30
104,Node104,30
105,Node105,30
106,Node106,31
107,Node107,31
108,Node108,31
109,Node109,32
110,Node110,32
111,Node111,32
112,Node112,33
113,Node113,33
114,Node114,33
115,Node115,34
116,Node116,34
117,Node117,34
118,Node118,35
119,Node119,35
120,Node120,35
121,Node121,36
122,Node122,36
123,Node123,36
124,Node124,37
125,Node125,37
126,Node126,37
127,Node127,38
128,Node128,38
129,Node129,38
130,Node130,39
131,Node131,39
132,Node132,39
133,Node133,40
134,Node134,40
135,Node135,40
136,Node136,41
137,Node137,41
138,Node138,41
139,Node139,42
140,Node140,42
141,Node141,42
142,Node142,43
143,Node143,43
144,Node144,43
145,Node145,44
146,Node146,44
147,Node147,44
148,Node148,45
149,Node149,45
150,Node150,45
151,Node151,46
152,Node152,46
153,Node153,46
154,Node154,47
155,Node155,47
156,Node156,47
157,Node157,48
158,Node158,48
159,Node159,48
160,Node160,49
161,Node161,49
162,Node162,49
163,Node163,50
164,Node164,50
165,Node165,50
166,Node166,51
167,Node167,51
168,Node168,51
169,Node169,52
170,Node170,52
171,Node171,52
172,Node172,53
173,Node173,53
174,Node174,53
175,Node175,54
176,Node176,54
177,Node177,54
178,Node178,55
179,Node179,55
180,Node180,55
181,Node181,56
182,Node182,56
183,Node183,56
184,Node184,57
185,Node185,57
186,Node186,57
187,Node187,58
188,Node188,58
189,Node189,58
190,Node190,59
191,Node191,59
192,Node192,59
193,Node193,60
194,Node194,60
195,Node195,60
196,Node196,61
197,Node197,61
198,Node198,61
199,Node199,62
200,Node200,62
201,Node201,62
202,Node202,63
203,Node203,63
204,Node204,63
205,Node205,64
206,Node206,64
207,Node207,64
208,Node208,65
209,Node209,65
210,Node210,65
211,Node211,66
212,Node212,66
213,Node213,66
214,Node214,67
215,Node215,67
216,Node216,67
217,Node217,68
218,Node218,68
219,Node219,68
220,Node220,69
221,Node221,69
222,Node222,69
223,Node223,70
224,Node224,70
225,Node225,70
226,Node226,71
227,Node227,71
228,Node228,71
229,Node229,72
230,Node230,72
231,Node231,72
232,Node232,73
233,Node233,73
234,Node234,73
235,Node235,74
236,Node236,74
237,Node237,74
238,Node238,75
239,Node239,75
240,Node240,75
241,Node241,76
242,Node242,76
243,Node243,76
244,Node244,77
245,Node245,77
246,Node246,77
247,Node247,78
248,Node248,78
249,Node249,78
250,Node250,79
251,Node251,79
252,Node252,79
253,Node253,80
254,Node254,80
255,Node255,80
256,Node256,81
257,Node257,81
258,Node258,81
259,Node259,82
260,Node260,82
261,Node261,82
262,Node262,83
263,Node263,83
264,Node264,83
265,Node265,84
266,Node266,84
267,Node267,84
268,Node268,85
269,Node269,85
270,Node270,85
271,Node271,86
272,Node272,86
273,Node273,86
274,Node274,87
275,Node275,87
276,Node276,87
277,Node277,88
278,Node278,88
279,Node279,88
280,Node280,89
281,Node281,89
282,Node282,89
283,Node283,90
284,Node284,90
285,Node285,90
286,Node286,91
287,Node287,91
288,Node288,91
289,Node289,92
290,Node290,92
291,Node291,92
292,Node292,93
293,Node293,93
294,Node294,93
295,Node295,94
296,Node296,94
297,Node297,94
298,Node298,95
299,Node299,95
300,Node300,95
301,Node301,96
302,Node302,96
303,Node303,96
304,Node304,97
305,Node305,97
306,Node306,97
307,Node307,98
308,Node308,98
309,Node309,98
310,Node310,99
311,Node311,99
312,Node312,99
313,Node313,100
314,Node314,100
315,Node315,100
316,Node316,101
317,Node317,101
318,Node318,101
319,Node319,102
320,Node320,102
321,Node321,102
322,Node322,103
323,Node323,103
324,Node324,103
325,Node325,104
326,Node326,104
327,Node327,104
328,Node328,105
329,Node329,105
330,Node330,105
331,Node331,106
332,Node332,106
333,Node333,106
334,Node334,107
335,Node335,107
336,Node336,107
337,Node337,108
338,Node338,108
339,Node339,108
340,Node340,109
341,Node341,109
342,Node342,109
343,Node343,110
344,Node344,110
345,Node345,110
346,Node346,111
347,Node347,111
348,Node348,111
349,Node349,112
350,Node350,112
351,Node351,112
352,Node352,113
353,Node353,113
354,Node354,113
355,Node355,114
356,Node356,114
357,Node357,114
358,Node358,115
359,Node359,115
360,Node360,115
361,Node361,116
362,Node362,116
363,Node363,116
364,Node364,117
365,Node365,117
366,Node366,117
367,Node367,118
368,Node368,118
369,Node369,118
370,Node370,119
371,Node371,119
372,Node372,119
373,Node373,120
374,Node374,120
375,Node375,120
376,Node376,121
377,Node377,121
378,Node378,121
379,Node379,122
380,Node380,122
381,Node381,122
382,Node382,123
383,Node383,123
384,Node384,123
385,Node385,124
386,Node386,124
387,Node387,124
388,Node388,125
389,Node389,125
390,Node390,125
391,Node391,126
392,Node392,126
393,Node393,126
394,Node394,127
395,Node395,127
396,Node396,127
397,Node397,128
398,Node398,128
399,Node399,128
400,Node400,129
401,Node401,129
402,Node402,129
403,Node403,130
404,Node404,130
405,Node405,130
406,Node406,131
407,Node407,131
408,Node408,131
409,Node409,132
410,Node410,132
411,Node411,132
412,Node412,133
413,Node413,133
414,Node414,133
415,Node415,134
416,Node416,134
417,Node417,134
418,Node418,135
419,Node419,135
420,Node420,135
421,Node421,136
422,Node422,136
423,Node423,136
424,Node424,137
425,Node425,137
426,Node426,137
427,Node427,138
428,Node428,138
429,Node429,138
430,Node430,139
431,Node431,139
432,Node432,139
433,Node433,140
434,Node434,140
435,Node435,140
436,Node436,141
437,Node437,141
438,Node438,141
439,Node439,142
440,Node440,142
441,Node441,142
442,Node442,143
443,Node443,143
444,Node444,143
445,Node445,144
446,Node446,144
447,Node447,144
448,Node448,145
449,Node449,145
450,Node450,145
451,Node451,146
452,Node452,146
453,Node453,146
454,Node454,147
455,Node455,147
456,Node456,147
457,Node457,148
458,Node458,148
459,Node459,148
460,Node460,149
461,Node461,149
462,Node462,149
463,Node463,150
464,Node464,150
465,Node465,150
466,Node466,151
467,Node467,151
468,Node468,151
469,Node469,152
470,Node470,152
471,Node471,152
472,Node472,153
473,Node473,153
474,Node474,153
475,Node475,154
476,Node476,154
477,Node477,154
478,Node478,155
479,Node479,155
480,Node480,155
481,Node481,156
482,Node482,156
483,Node483,156
484,Node484,157
485,Node485,157
486,Node486,157
487,Node487,158
488,Node488,158
489,Node489,158
490,Node490,159
491,Node491,159
492,Node492,159
493,Node493,160
494,Node494,160
495,Node495,160
496,Node496,161
497,Node497,161
498,Node498,161
499,Node499,162
500,Node500,162
501,Node501,162
502,Node502,163
503,Node503,163
504,Node504,163
505,Node505,164
506,Node506,164
507,Node507,164
508,Node508,165
509,Node509,165
510,Node510,165
511,Node511,166
512,Node512,166
513,Node513,166
514,Node514,167
515,Node515,167
516,Node516,167
517,Node517,168
518,Node518,168
519,Node519,168
520,Node520,169
521,Node521,169
522,Node522,169
523,Node523,170
524,Node524,170
525,Node525,170
526,Node526,171
527,Node527,171
528,Node528,171
529,Node529,172
530,Node530,172
531,Node531,172
532,Node532,173
533,Node533,173
534,Node534,173
535,Node535,174
536,Node536,174
537,Node537,174
538,Node538,175
539,Node539,175
540,Node540,175
541,Node541,176
542,Node542,176
543,Node543,176
544,Node544,177
545,Node545,177
546,Node546,177
547,Node547,178
548,Node548,178
549,Node549,178
550,Node550,179
551,Node551,179
552,Node552,179
553,Node553,180
554,Node554,180
555,Node555,180
556,Node556,181
557,Node557,181
558,Node558,181
559,Node559,182
560,Node560,182
561,Node561,182
562,Node562,183
563,Node563,183
564,Node564,183
565,Node565,184
566,Node566,184
567,Node567,184
568,Node568,185
569,Node569,185
570,Node570,185
571,Node571,186
572,Node572,186
573,Node573,186
574,Node574,187
575,Node575,187
576,Node576,187
577,Node577,188
578,Node578,188
579,Node579,188
580,Node580,189
581,Node581,189
582,Node582,189
583,Node583,190
584,Node584,190
585,Node585,190
586,Node586,191
587,Node587,191
588,Node588,191
589,Node589,192
590,Node590,192
591,Node591,192
592,Node592,193
593,Node593,193
594,Node594,193
595,Node595,194
596,Node596,194
597,Node597,194
598,Node598,195
599,Node599,195
600,Node600,195
601,Node601,196
602,Node602,196
603,Node603,196
604,Node604,197
605,Node605,197
606,Node606,197
607,Node607,198
608,Node608,198
609,Node609,198
610,Node610,199
611,Node611,199
612,Node612,199
613,Node613,200
614,Node614,200
615,Node615,200
616,Node616,201
617,Node617,201
618,Node618,201
619,Node619,202
620,Node620,202
621,Node621,202
622,Node622,203
623,Node623,203
624,Node624,203
625,Node625,204
626,Node626,204
627,Node627,204
628,Node628,205
629,Node629,205
630,Node630,205
631,Node631,206
632,Node632,206
633,Node633,206
634,Node634,207
635,Node635,207
636,Node636,207
637,Node637,208
638,Node638,208
639,Node639,208
640,Node640,209
641,Node641,209
642,Node642,209
643,Node643,210
644,Node644,210
645,Node645,210
646,Node646,211
647,Node647,211
648,Node648,211
649,Node649,212
650,Node650,212
651,Node651,212
652,Node652,213
653,Node653,213
654,Node654,213
655,Node655,214
656,Node656,214
657,Node657,214
658,Node658,215
659,Node659,215
660,Node660,215
661,Node661,216
662,Node662,216
663,Node663,216
664,Node664,217
665,Node665,217
666,Node666,217
667,Node667,218
668,Node668,218
669,Node669,218
670,Node670,219
671,Node671,219
672,Node672,219
673,Node673,220
674,Node674,220
675,Node675,220
676,Node676,221
677,Node677,221
678,Node678,221
679,Node679,222
680,Node680,222
681,Node681,222
682,Node682,223
683,Node683,223
684,Node684,223
685,Node685,224
686,Node686,224
687,Node687,224
688,Node688,225
689,Node689,225
690,Node690,225
691,Node691,226
692,Node692,226
693,Node693,226
694,Node694,227
695,Node695,227
696,Node696,227
697,Node697,228
698,Node698,228
699,Node699,228
700,Node700,229
701,Node701,229
702,Node702,229
703,Node703,230
704,Node704,230
705,Node705,230
706,Node706,231
707,Node707,231
708,Node708,231
709,Node709,232
710,Node710,232
711,Node711,232
712,Node712,233
713,Node713,233
714,Node714,233
715,Node715,234
716,Node716,234
717,Node717,234
718,Node718,235
719,Node719,235
720,Node720,235
721,Node721,236
722,Node722,236
723,Node723,236
724,Node724,237
725,Node725,237
726,Node726,237
727,Node727,238
728,Node728,238
729,Node729,238
730,Node730,239
731,Node731,239
732,Node732,239
733,Node733,240
734,Node734,240
735,Node735,240
736,Node736,241
737,Node737,241
738,Node738,241
739,Node739,242
740,Node740,242
741,Node741,242
742,Node742,243
743,Node743,243
744,Node744,243
745,Node745,244
746,Node746,244
747,Node747,244
748,Node748,245
749,Node749,245
750,Node750,245
751,Node751,246
752,Node752,246
753,Node753,246
754,Node754,247
755,Node755,247
756,Node756,247
757,Node757,248
758,Node758,248
759,Node759,248
760,Node760,249
761,Node761,249
762,Node762,249
763,Node763,250
764,Node764,250
765,Node765,250
766,Node766,251
767,Node767,251
768,Node768,251
769,Node769,252
770,Node770,252
771,Node771,252
772,Node772,253
773,Node773,253
774,Node774,253
775,Node775,254
776,Node776,254
777,Node777,254
778,Node778,255
779,Node779,255
780,Node780,255
781,Node781,256
782,Node782,256
783,Node783,256
784,Node784,257
785,Node785,257
786,Node786,257
787,Node787,258
788,Node788,258
789,Node789,258
790,Node790,259
791,Node791,259
792,Node792,259
793,Node793,260
794,Node794,260
795,Node795,260
796,Node796,261
797,Node797,261
798,Node798,261
799,Node799,262
800,Node800,262
801,Node801,262
802,Node802,263
803,Node803,263
804,Node804,263
805,Node805,264
806,Node806,264
807,Node807,264
808,Node808,265
809,Node809,265
810,Node810,265
811,Node811,266
812,Node812,266
813,Node813,266
814,Node814,267
815,Node815,267
816,Node816,267
817,Node817,268
818,Node818,268
819,Node819,268
820,Node820,269
821,Node821,269
822,Node822,269
823,Node823,270
824,Node824,270
825,Node825,270
826,Node826,271
827,Node827,271
828,Node828,271
829,Node829,272
830,Node830,272
831,Node831,272
832,Node832,273
833,Node833,273
834,Node834,273
835,Node835,274
836,Node836,274
837,Node837,274
838,Node838,275
839,Node839,275
840,Node840,275
841,Node841,276
842,Node842,276
843,Node843,276
844,Node844,277
845,Node845,277
846,Node846,277
847,Node847,278
848,Node848,278
849,Node849,278
850,Node850,279
851,Node851,279
852,Node852,279
853,Node853,280
854,Node854,280
855,Node855,280
856,Node856,281
857,Node857,281
858,Node858,281
859,Node859,282
860,Node860,282
861,Node861,282
862,Node862,283
863,Node863,283
864,Node864,283
865,Node865,284
866,Node866,284
867,Node867,284
868,Node868,285
869,Node869,285
870,Node870,285
871,Node871,286
872,Node872,286
873,Node873,286
874,Node874,287
875,Node875,287
876,Node876,287
877,Node877,288
878,Node878,288
879,Node879,288
880,Node880,289
881,Node881,289
882,Node882,289
883,Node883,290
884,Node884,290
885,Node885,290
886,Node886,291
887,Node887,291
888,Node888,291
889,Node889,292
890,Node890,292
891,Node891,292
892,Node892,293
893,Node893,293
894,Node894,293
895,Node895,294
896,Node896,294
897,Node897,294
898,Node898,295
899,Node899,295
900,Node900,295
901,Node901,296
902,Node902,296
903,Node903,296
904,Node904,297
905,Node905,297
906,Node906,297
907,Node907,298
908,Node908,298
909,Node909,298
910,Node910,299
911,Node911,299
912,Node912,299
913,Node913,300
914,Node914,300
915,Node915,300
916,Node916,301
917,Node917,301
918,Node918,301
919,Node919,302
920,Node920,302
921,Node921,302
922,Node922,303
923,Node923,303
924,Node924,303
925,Node925,304
926,Node926,304
927,Node927,304
928,Node928,305
929,Node929,305
930,Node930,305
931,Node931,306
932,Node932,306
933,Node933,306
934,Node934,307
935,Node935,307
936,Node936,307
937,Node937,308
938,Node938,308
939,Node939,308
940,Node940,309
941,Node941,309
942,Node942,309
943,Node943,310
944,Node944,310
945,Node945,310
946,Node946,311
947,Node947,311
948,Node948,311
949,Node949,312
950,Node950,312
951,Node951,312
952,Node952,313
953,Node953,313
954,Node954,313
955,Node955,314
956,Node956,314
957,Node957,314
958,Node958,315
959,Node959,315
960,Node960,315
961,Node961,316
962,Node962,316
963,Node963,316
964,Node964,317
965,Node965,317
966,Node966,317
967,Node967,318
968,Node968,318
969,Node969,318
970,Node970,319
971,Node971,319
972,Node972,319
973,Node973,320
974,Node974,320
975,Node975,320
976,Node976,321
977,Node977,321
978,Node978,321
979,Node979,322
980,Node980,322
981,Node981,322
982,Node982,323
983,Node983,323
984,Node984,323
985,Node985,324
986,Node986,324
987,Node987,324
988,Node988,325
989,Node989,325
990,Node990,325
991,Node991,326
992,Node992,326
993,Node993,326
994,Node994,327
995,Node995,327
996,Node996,327
997,Node997,328
998,Node998,328
999,Node999,328
1000,Node1000,329
1001,Node1001,329
1002,Node1002,329
1003,Node1003,330
1004,Node1004,330
1005,Node1005,330
1006,Node1006,331
1007,Node1007,331
1008,Node1008,331
1009,Node1009,332
1010,Node1010,332
1011,Node1011,332
1012,Node1012,333
1013,Node1013,333
1014,Node1014,333
1015,Node1015,334
1016,Node1016,334
1017,Node1017,334
1018,Node1018,335
1019,Node1019,335
1020,Node1020,335
1021,Node1021,336
1022,Node1022,336
1023,Node1023,336
1024,Node1024,337
1025,Node1025,337
1026,Node1026,337
1027,Node1027,338
1028,Node1028,338
1029,Node1029,338
1030,Node1030,339
1031,Node1031,339
1032,Node1032,339
1033,Node1033,340
1034,Node1034,340
1035,Node1035,340
1036,Node1036,341
1037,Node1037,341
1038,Node1038,341
1039,Node1039,342
1040,Node1040,342
1041,Node1041,342
1042,Node1042,343
1043,Node1043,343
1044,Node1044,343
1045,Node1045,344
1046,Node1046,344
1047,Node1047,344
1048,Node1048,345
1049,Node1049,345
1050,Node1050,345
1051,Node1051,346
1052,Node1052,346
1053,Node1053,346
1054,Node1054,347
1055,Node1055,347
1056,Node1056,347
1057,Node1057,348
1058,Node1058,348
1059,Node1059,348
1060,Node1060,349
1061,Node1061,349
1062,Node1062,349
1063,Node1063,350
1064,Node1064,350
1065,Node1065,350
1066,Node1066,351
1067,Node1067,351
1068,Node1068,351
1069,Node1069,352
1070,Node1070,352
1071,Node1071,352
1072,Node1072,353
1073,Node1073,353
1074,Node1074,353
1075,Node1075,354
1076,Node1076,354
1077,Node1077,354
1078,Node1078,355
1079,Node1079,355
1080,Node1080,355
1081,Node1081,356
1082,Node1082,356
1083,Node1083,356
1084,Node1084,357
1085,Node1085,357
1086,Node1086,357
1087,Node1087,358
1088,Node1088,358
1089,Node1089,358
1090,Node1090,359
1091,Node1091,359
1092,Node1092,359
1093,Node1093,360
1094,Node1094,360
1095,Node1095,360
1096,Node1096,361
1097,Node1097,361
1098,Node1098,361
1099,Node1099,362
1100,Node1100,362
1101,Node1101,362
1102,Node1102,363
1103,Node1103,363
1104,Node1104,363
1105,Node1105,364
1106,Node1106,364
1107,Node1107,364
1108,Node1108,365
1109,Node1109,365
1110,Node1110,365
1111,Node1111,366
1112,Node1112,366
1113,Node1113,366
1114,Node1114,367
1115,Node1115,367
1116,Node1116,367
1117,Node1117,368
1118,Node1118,368
1119,Node1119,368
1120,Node1120,369
1121,Node1121,369
1122,Node1122,369
1123,Node1123,370
1124,Node1124,370
1125,Node1125,370
1126,Node1126,371
1127,Node1127,371
1128,Node1128,371
1129,Node1129,372
1130,Node1130,372
1131,Node1131,372
1132,Node1132,373
1133,Node1133,373
1134,Node1134,373
1135,Node1135,374
1136,Node1136,374
1137,Node1137,374
1138,Node1138,375
1139,Node1139,375
1140,Node1140,375
1141,Node1141,376
1142,Node1142,376
1143,Node1143,376
1144,Node1144,377
1145,Node1145,377
1146,Node1146,377
1147,Node1147,378
1148,Node1148,378
1149,Node1149,378
1150,Node1150,379
1151,Node1151,379
1152,Node1152,379
1153,Node1153,380
1154,Node1154,380
1155,Node1155,380
1156,Node1156,381
1157,Node1157,381
1158,Node1158,381
1159,Node1159,382
1160,Node1160,382
1161,Node1161,382
1162,Node1162,383
1163,Node1163,383
1164,Node1164,383
1165,Node1165,384
1166,Node1166,384
1167,Node1167,384
1168,Node1168,385
1169,Node1169,385
1170,Node1170,385
1171,Node1171,386
1172,Node1172,386
1173,Node1173,386
1174,Node1174,387
1175,Node1175,387
1176,Node1176,387
1177,Node1177,388
1178,Node1178,388
1179,Node1179,388
1180,Node1180,389
1181,Node1181,389
1182,Node1182,389
1183,Node1183,390
1184,Node1184,390
1185,Node1185,390
1186,Node1186,391
1187,Node1187,391
1188,Node1188,391
1189,Node1189,392
1190,Node1190,392
1191,Node1191,392
1192,Node1192,393
1193,Node1193,393
1194,Node1194,393
1195,Node1195,394
1196,Node1196,394
1197,Node1197,394
1198,Node1198,395
1199,Node1199,395
1200,Node1200,395
1201,Node1201,396
1202,Node1202,396
1203,Node1203,396
1204,Node1204,397
1205,Node1205,397
1206,Node1206,397
1207,Node1207,398
1208,Node1208,398
1209,Node1209,398
1210,Node1210,399
1211,Node1211,399
1212,Node1212,399
1213,Node1213,400
1214,Node1214,400
1215,Node1215,400
1216,Node1216,401
1217,Node1217,401
1218,Node1218,401
1219,Node1219,402
1220,Node1220,402
1221,Node1221,402
1222,Node1222,403
1223,Node1223,403
1224,Node1224,403
1225,Node1225,404
1226,Node1226,404
1227,Node1227,404
1228,Node1228,405
1229,Node1229,405
1230,Node1230,405
1231,Node1231,406
1232,Node1232,406
1233,Node1233,406
1234,Node1234,407
1235,Node1235,407
1236,Node1236,407
1237,Node1237,408
1238,Node1238,408
1239,Node1239,408
1240,Node1240,409
1241,Node1241,409
1242,Node1242,409
1243,Node1243,410
1244,Node1244,410
1245,Node1245,410
1246,Node1246,411
1247,Node1247,411
1248,Node1248,411
1249,Node1249,412
1250,Node1250,412
1251,Node1251,412
1252,Node1252,413
1253,Node1253,413
1254,Node1254,413
1255,Node1255,414
1256,Node1256,414
1257,Node1257,414
1258,Node1258,415
1259,Node1259,415
1260,Node1260,415
1261,Node1261,416
1262,Node1262,416
1263,Node1263,416
1264,Node1264,417
1265,Node1265,417
1266,Node1266,417
1267,Node1267,418
1268,Node1268,418
1269,Node1269,418
1270,Node1270,419
1271,Node1271,419
1272,Node1272,419
1273,Node1273,420
1274,Node1274,420
1275,Node1275,420
1276,Node1276,421
1277,Node1277,421
1278,Node1278,421
1279,Node1279,422
1280,Node1280,422
1281,Node1281,422
1282,Node1282,423
1283,Node1283,423
1284,Node1284,423
1285,Node1285,424
1286,Node1286,424
1287,Node1287,424
1288,Node1288,425
1289,Node1289,425
1290,Node1290,425
1291,Node1291,426
1292,Node1292,426
1293,Node1293,426
1294,Node1294,427
1295,Node1295,427
1296,Node1296,427
1297,Node1297,428
1298,Node1298,428
1299,Node1299,428
1300,Node1300,429
1301,Node1301,429
1302,Node1302,429
1303,Node1303,430
1304,Node1304,430
1305,Node1305,430
1306,Node1306,431
1307,Node1307,431
1308,Node1308,431
1309,Node1309,432
1310,Node1310,432
1311,Node1311,432
1312,Node1312,433
1313,Node1313,433
1314,Node1314,433
1315,Node1315,434
1316,Node1316,434
1317,Node1317,434
1318,Node1318,435
1319,Node1319,435
1320,Node1320,435
1321,Node1321,436
1322,Node1322,436
1323,Node1323,436
1324,Node1324,437
1325,Node1325,437
1326,Node1326,437
1327,Node1327,438
1328,Node1328,438
1329,Node1329,438
1330,Node1330,439
1331,Node1331,439
1332,Node1332,439
1333,Node1333,440
1334,Node1334,440
1335,Node1335,440
1336,Node1336,441
1337,Node1337,441
1338,Node1338,441
1339,Node1339,442
1340,Node1340,442
1341,Node1341,442
1342,Node1342,443
1343,Node1343,443
1344,Node1344,443
1345,Node1345,444
1346,Node1346,444
1347,Node1347,444
1348,Node1348,445
1349,Node1349,445
1350,Node1350,445
1351,Node1351,446
1352,Node1352,446
1353,Node1353,446
1354,Node1354,447
1355,Node1355,447
1356,Node1356,447
1357,Node1357,448
1358,Node1358,448
1359,Node1359,448
1360,Node1360,449
1361,Node1361,449
1362,Node1362,449
1363,Node1363,450
1364,Node1364,450
1365,Node1365,450
1366,Node1366,451
1367,Node1367,451
1368,Node1368,451
1369,Node1369,452
1370,Node1370,452
1371,Node1371,452
1372,Node1372,453
1373,Node1373,453
1374,Node1374,453
1375,Node1375,454
1376,Node1376,454
1377,Node1377,454
1378,Node1378,455
1379,Node1379,455
1380,Node1380,455
1381,Node1381,456
1382,Node1382,456
1383,Node1383,456
1384,Node1384,457
1385,Node1385,457
1386,Node1386,457
1387,Node1387,458
1388,Node1388,458
1389,Node1389,458
1390,Node1390,459
1391,Node1391,459
1392,Node1392,459
1393,Node1393,460
1394,Node1394,460
1395,Node1395,460
1396,Node1396,461
1397,Node1397,461
1398,Node1398,461
1399,Node1399,462
1400,Node1400,462
1401,Node1401,462
1402,Node1402,463
1403,Node1403,463
1404,Node1404,463
1405,Node1405,464
1406,Node1406,464
1407,Node1407,464
1408,Node1408,465
1409,Node1409,465
1410,Node1410,465
1411,Node1411,466
1412,Node1412,466
1413,Node1413,466
1414,Node1414,467
1415,Node1415,467
1416,Node1416,467
1417,Node1417,468
1418,Node1418,468
1419,Node1419,468
1420,Node1420,469
1421,Node1421,469
1422,Node1422,469
1423,Node1423,470
1424,Node1424,470
1425,Node1425,470
1426,Node1426,471
1427,Node1427,471
1428,Node1428,471
1429,Node1429,472
1430,Node1430,472
1431,Node1431,472
1432,Node1432,473
1433,Node1433,473
1434,Node1434,473
1435,Node1435,474
1436,Node1436,474
1437,Node1437,474
1438,Node1438,475
1439,Node1439,475
1440,Node1440,475
1441,Node1441,476
1442,Node1442,476
1443,Node1443,476
1444,Node1444,477
1445,Node1445,477
1446,Node1446,477
1447,Node1447,478
1448,Node1448,478
1449,Node1449,478
1450,Node1450,479
1451,Node1451,479
1452,Node1452,479
1453,Node1453,480
1454,Node1454,480
1455,Node1455,480
1456,Node1456,481
1457,Node1457,481
1458,Node1458,481
1459,Node1459,482
1460,Node1460,482
1461,Node1461,482
1462,Node1462,483
1463,Node1463,483
1464,Node1464,483
1465,Node1465,484
1466,Node1466,484
1467,Node1467,484
1468,Node1468,485
1469,Node1469,485
1470,Node1470,485
1471,Node1471,486
1472,Node1472,486
1473,Node1473,486
1474,Node1474,487
1475,Node1475,487
1476,Node1476,487
1477,Node1477,488
1478,Node1478,488
1479,Node1479,488
1480,Node1480,489
1481,Node1481,489
1482,Node1482,489
1483,Node1483,490
1484,Node1484,490
1485,Node1485,490
1486,Node1486,491
1487,Node1487,491
1488,Node1488,491
1489,Node1489,492
1490,Node1490,492
1491,Node1491,492
1492,Node1492,493
1493,Node1493,493
1494,Node1494,493
1495,Node1495,494
1496,Node1496,494
1497,Node1497,494
1498,Node1498,495
1499,Node1499,495
1500,Node1500,495
1501,Node1501,496
1502,Node1502,496
1503,Node1503,496
1504,Node1504,497
1505,Node1505,497
1506,Node1506,497
1507,Node1507,498
1508,Node1508,498
1509,Node1509,498
1510,Node1510,499
1511,Node1511,499
1512,Node1512,499
1513,Node1513,500
1514,Node1514,500
1515,Node1515,500
1516,Node1516,501
1517,Node1517,501
1518,Node1518,501
1519,Node1519,502
1520,Node1520,502
1521,Node1521,502
1522,Node1522,503
1523,Node1523,503
1524,Node1524,503
1525,Node1525,504
1526,Node1526,504
1527,Node1527,504
1528,Node1528,505
1529,Node1529,505
1530,Node1530,505
1531,Node1531,506
1532,Node1532,506
1533,Node1533,506
1534,Node1534,507
1535,Node1535,507
1536,Node1536,507
1537,Node1537,508
1538,Node1538,508
1539,Node1539,508
1540,Node1540,509
1541,Node1541,509
1542,Node1542,509
1543,Node1543,510
1544,Node1544,510
1545,Node1545,510
1546,Node1546,511
1547,Node1547,511
1548,Node1548,511
1549,Node1549,512
1550,Node1550,512
1551,Node1551,512
1552,Node1552,513
1553,Node1553,513
1554,Node1554,513
1555,Node1555,514
1556,Node1556,514
1557,Node1557,514
1558,Node1558,515
1559,Node1559,515
1560,Node1560,515
1561,Node1561,516
1562,Node1562,516
1563,Node1563,516
1564,Node1564,517
1565,Node1565,517
1566,Node1566,517
1567,Node1567,518
1568,Node1568,518
1569,Node1569,518
1570,Node1570,519
1571,Node1571,519
1572,Node1572,519
1573,Node1573,520
1574,Node1574,520
1575,Node1575,520
1576,Node1576,521
1577,Node1577,521
1578,Node1578,521
1579,Node1579,522
1580,Node1580,522
1581,Node1581,522
1582,Node1582,523
1583,Node1583,523
1584,Node1584,523
1585,Node1585,524
1586,Node1586,524
1587,Node1587,524
1588,Node1588,525
1589,Node1589,525
1590,Node1590,525
1591,Node1591,526
1592,Node1592,526
1593,Node1593,526
1594,Node1594,527
1595,Node1595,527
1596,Node1596,527
1597,Node1597,528
1598,Node1598,528
1599,Node1599,528
1600,Node1600,529
1601,Node1601,529
1602,Node1602,529
1603,Node1603,530
1604,Node1604,530
1605,Node1605,530
1606,Node1606,531
1607,Node1607,531
1608,Node1608,531
1609,Node1609,532
1610,Node1610,532
1611,Node1611,532
1612,Node1612,533
1613,Node1613,533
1614,Node1614,533
1615,Node1615,534
1616,Node1616,534
1617,Node1617,534
1618,Node1618,535
1619,Node1619,535
1620,Node1620,535
1621,Node1621,536
1622,Node1622,536
1623,Node1623,536
1624,Node1624,537
1625,Node1625,537
1626,Node1626,537
1627,Node1627,538
1628,Node1628,538
1629,Node1629,538
1630,Node1630,539
1631,Node1631,539
1632,Node1632,539
1633,Node1633,540
1634,Node1634,540
1635,Node1635,540
1636,Node1636,541
1637,Node1637,541
1638,Node1638,541
1639,Node1639,542
1640,Node1640,542
1641,Node1641,542
1642,Node1642,543
1643,Node1643,543
1644,Node1644,543
1645,Node1645,544
1646,Node1646,544
1647,Node1647,544
1648,Node1648,545
1649,Node1649,545
1650,Node1650,545
1651,Node1651,546
1652,Node1652,546
1653,Node1653,546
1654,Node1654,547
1655,Node1655,547
1656,Node1656,547
1657,Node1657,548
1658,Node1658,548
1659,Node1659,548
1660,Node1660,549
1661,Node1661,549
1662,Node1662,549
1663,Node1663,550
1664,Node1664,550
1665,Node1665,550
1666,Node1666,551
1667,Node1667,551
1668,Node1668,551
1669,Node1669,552
1670,Node1670,552
1671,Node1671,552
1672,Node1672,553
1673,Node1673,553
1674,Node1674,553
1675,Node1675,554
1676,Node1676,554
1677,Node1677,554
1678,Node1678,555
1679,Node1679,555
1680,Node1680,555
1681,Node1681,556
1682,Node1682,556
1683,Node1683,556
1684,Node1684,557
1685,Node1685,557
1686,Node1686,557
1687,Node1687,558
1688,Node1688,558
1689,Node1689,558
1690,Node1690,559
1691,Node1691,559
1692,Node1692,559
1693,Node1693,560
1694,Node1694,560
1695,Node1695,560
1696,Node1696,561
1697,Node1697,561
1698,Node1698,561
1699,Node1699,562
1700,Node1700,562
1701,Node1701,562
1702,Node1702,563
1703,Node1703,563
1704,Node1704,563
1705,Node1705,564
1706,Node1706,564
1707,Node1707,564
1708,Node1708,565
1709,Node1709,565
1710,Node1710,565
1711,Node1711,566
1712,Node1712,566
1713,Node1713,566
1714,Node1714,567
1715,Node1715,567
1716,Node1716,567
1717,Node1717,568
1718,Node1718,568
1719,Node1719,568
1720,Node1720,569
1721,Node1721,569
1722,Node1722,569
1723,Node1723,570
1724,Node1724,570
1725,Node1725,570
1726,Node1726,571
1727,Node1727,571
1728,Node1728,571
1729,Node1729,572
1730,Node1730,572
1731,Node1731,572
1732,Node1732,573
1733,Node1733,573
1734,Node1734,573
1735,Node1735,574
1736,Node1736,574
1737,Node1737,574
1738,Node1738,575
1739,Node1739,575
1740,Node1740,575
1741,Node1741,576
1742,Node1742,576
1743,Node1743,576
1744,Node1744,577
1745,Node1745,577
1746,Node1746,577
1747,Node1747,578
1748,Node1748,578
1749,Node1749,578
1750,Node1750,579
1751,Node1751,579
1752,Node1752,579
1753,Node1753,580
1754,Node1754,580
1755,Node1755,580
1756,Node1756,581
1757,Node1757,581
1758,Node1758,581
1759,Node1759,582
1760,Node1760,582
1761,Node1761,582
1762,Node1762,583
1763,Node1763,583
1764,Node1764,583
1765,Node1765,584
1766,Node1766,584
1767,Node1767,584
1768,Node1768,585
1769,Node1769,585
1770,Node1770,585
1771,Node1771,586
1772,Node1772,586
1773,Node1773,586
1774,Node1774,587
1775,Node1775,587
1776,Node1776,587
1777,Node1777,588
1778,Node1778,588
1779,Node1779,588
1780,Node1780,589
1781,Node1781,589
1782,Node1782,589
1783,Node1783,590
1784,Node1784,590
1785,Node1785,590
1786,Node1786,591
1787,Node1787,591
1788,Node1788,591
1789,Node1789,592
1790,Node1790,592
1791,Node1791,592
1792,Node1792,593
1793,Node1793,593
1794,Node1794,593
1795,Node1795,594
1796,Node1796,594
1797,Node1797,594
1798,Node1798,595
1799,Node1799,595
1800,Node1800,595
1801,Node1801,596
1802,Node1802,596
1803,Node1803,596
1804,Node1804,597
1805,Node1805,597
1806,Node1806,597
1807,Node1807,598
1808,Node1808,598
1809,Node1809,598
1810,Node1810,599
1811,Node1811,599
1812,Node1812,599
1813,Node1813,600
1814,Node1814,600
1815,Node1815,600
